{"cameraMode":{"drawMode":0,"name":"Shaded","section":"Shading Mode"},"sceneLighting":true,"audioPlay":false,"sceneViewState":{"m_AlwaysRefresh":false,"showFog":false,"showSkybox":false,"showFlares":true,"showImageEffects":true,"showParticleSystems":true,"showVisualEffectGraphs":true,"m_FxEnabled":true},"in2DMode":false,"pivot":{"x":5.891681671142578,"y":-62.00519561767578,"z":-18.876033782958986},"rotation":{"x":-0.0015738405054435135,"y":0.8122427463531494,"z":-0.5833191275596619,"w":-0.0021926553454250099},"size":60.04219055175781,"orthographic":false}